store_id,uptime_last_hour,uptime_last_day,uptime_last_week,downtime_last_hour,downtime_last_day,downtime_last_week
8139926242460185114,0.0,0.5,2.3465453825,0.0,0.0,0.0
5415949628544298339,0.0,1.9024114741666667,20.47788542388889,0.0,0.0,0.0
3408529570017053440,0.0,0.0,0.0,0.0,0.0,0.0
9055649751952768824,0.0,0.0,0.0,0.0,2.0,13.759950022499998
4428372089193592098,0.0,0.0,0.0,0.0,0.0,0.0
2689959411535120475,0.0,3.0,4.187709653055555,0.0,0.0,19.483505700000002
8297996490922435741,0.0,0.0,0.0,0.0,3.0,24.0
1050565545391667097,0.0,2.0,14.15241370611111,0.0,0.0,0.0
3483930781272060942,0.0,0.0,0.0,0.0,4.404564759166666,29.950700138333332
1740222068509982431,0.0,0.0,0.0,0.0,3.5,26.94768227722222
2859012985063828777,0.0,3.3503720044444445,8.271929696111112,0.0,0.0,3.3131731988888893
3828361964081888905,0.0,0.0,0.0,0.0,2.0,20.0
5789640881970906690,0.0,1.0,4.395255670277778,0.0,2.5,11.2693911875
5723059602183693938,0.0,2.0,16.791113966111112,0.0,0.0,0.0
4378293333107164443,0.0,0.0,0.0,0.0,9.956801350277777,53.30945724916667
8778651700128892847,0.0,0.5,0.5148674391666667,0.0,3.0,18.8439606175
6666934422919388376,0.0,0.0,0.0,0.0,0.0,0.0
6163165919739157695,0.0,0.0,0.0,0.0,0.0,0.0
2190599106298424769,0.0,3.5,15.902867835555554,0.0,0.0,0.0
2225219938220197351,0.0,4.0,27.002508476388886,0.0,0.0,0.0
5925159570709352168,0.0,3.0,23.116840765833334,0.0,0.0,0.0
8175229951397380687,0.0,0.0,0.0,0.0,0.0,0.0
4292660491880158081,0.0,3.0,3.956639824722222,0.0,0.0,20.0
6733800122189753654,0.0,0.0,0.0,0.0,0.0,0.0
7463734423358941330,0.0,0.0,0.0,0.0,0.0,0.0
7622852966095963272,0.0,3.0,17.11862167388889,0.0,0.0,0.0
6160914795278193489,0.0,4.0,27.0,0.0,0.0,0.0
338646328301262317,0.0,0.0,0.0,0.0,3.880302641666667,25.722656680555556
8640972490360190883,0.0,0.0,0.0,0.0,0.0,0.0
9058019541301770690,0.0,0.0,0.0,0.0,0.0,0.0
4381311595575895588,0.0,3.1529893211111113,25.30177175444444,0.0,0.0,0.0
2248905253110987612,0.0,7.031024501944445,15.053419787222225,0.0,0.0,18.91975556444444
7968584600264951543,0.0,3.5,11.969237026111111,0.0,0.0,0.0
1655838063357762151,0.0,0.0,0.0,0.0,4.0,19.453622552500004
2118894053982561987,0.0,0.0,0.0,0.0,0.0,0.0
8471700099357897929,0.0,2.0,16.908425541666666,0.0,0.0,0.0
8372524645314576802,0.0,0.0,0.0,0.0,9.943682575,53.36875841638889
5552924050444994427,0.0,0.0,0.0,0.0,0.0,0.0
6921452823375303736,0.0,2.368851242222222,2.9761987780555557,0.0,1.5,24.5
4529169694434968721,0.0,3.0,3.0,0.0,0.0,19.5
2787020355835455025,0.0,2.0,16.24963319611111,0.0,0.0,0.0
8971475435584615792,0.0,2.0,13.850302519722222,0.0,0.0,0.0
1236888576653956449,0.0,3.8515590625000002,28.25655948222222,0.0,0.0,0.0
2739250325777580694,0.0,0.0,0.0,0.0,0.0,0.0
3114628966267234599,0.0,0.0,0.0,0.0,9.965230339444444,53.29374861722222
2958221658060682960,0.0,2.0,14.159731150555555,0.0,0.0,0.0
7972619999376644068,0.0,0.0,0.0,0.0,0.0,0.0
7786277334741505527,0.0,0.0,0.0,0.0,0.0,0.0
7263129728113095915,0.0,3.922976159722223,12.422976159722223,0.0,0.0,15.649778035555556
1501752248305324318,0.0,0.0,0.0,0.0,3.3827261474999997,20.25031152111112
7959626024093666288,0.0,0.0,0.0,0.0,0.0,0.0
5670977555241596822,0.0,3.0,3.4990150919444445,0.0,0.0,19.5
1801116365065971671,0.0,0.0,0.0,0.0,0.0,0.0
5938218521494275420,0.0,4.0,27.0,0.0,0.0,0.0
7506757311218522218,0.0,0.0,0.0,0.0,0.0,0.0
7902319769656483014,0.0,0.0,0.0,0.0,4.401740144444445,30.27510421638889
5365891606775901565,0.0,0.0,0.0,0.0,0.0,0.0
7731628114272740713,0.0,0.0,0.0,0.0,0.0,0.0
2870952845845047203,0.0,0.0,0.0,0.0,0.0,0.0
4684120169809436364,0.0,3.3282062291666668,7.196259056666666,0.0,0.0,4.2807438425
8910898981588710522,0.0,0.0,0.0,0.0,0.0,0.0
8523889910428063033,0.0,2.0,14.132158271666666,0.0,0.0,0.0
8750493480383302874,0.0,0.0,0.0,0.0,0.0,0.0
8783340632782870568,0.0,0.0,0.0,0.0,0.0,0.0
3547443835360588068,0.0,0.0,0.0,0.0,0.0,0.0
8959583929144879812,0.0,0.0,0.0,0.0,0.0,0.0
2974109706633403181,0.0,0.0,0.0,0.0,2.0,14.080595710555555
9200325206334396031,0.0,0.5,5.059259290833334,0.0,3.0,14.809760810555556
7665740608437227886,0.0,0.0,0.0,0.0,0.0,0.0
5447095752406471819,0.0,0.0,0.0,0.0,0.0,0.0
246505907494256090,0.0,2.0,14.114467715555556,0.0,0.0,0.0
8803894796084290585,0.0,2.0,13.705751419166667,0.0,0.0,0.0
4474327339142902549,0.0,2.0,16.77684950888889,0.0,0.0,0.0
1541695097704177827,0.0,0.0,0.0,0.0,9.966985690833333,53.351406168055554
5168885062800076167,0.0,3.0,3.4573670858333334,0.0,0.0,19.0
8285346587034743878,0.0,0.0,0.0,0.0,0.0,0.0
5181171500058101260,0.0,2.368851242222222,2.9761987780555557,0.0,1.5,24.5
6575266446222613262,0.0,0.0,0.0,0.0,0.0,0.0
1678415024862242015,0.0,3.5,27.43555254361111,0.0,0.0,0.0
9111087628624425255,0.0,0.0,0.0,0.0,9.942716162777778,53.33763870305556
6204284763418530336,0.0,0.0,0.0,0.0,0.0,0.0
3881760078520801429,0.0,3.4698418449999995,9.439418988333333,0.0,0.0,2.4641841233333333
7292116609046500092,0.0,0.0,0.0,0.0,4.0,27.0
4652595129999264905,0.0,2.0,2.0,0.0,0.0,14.984272740833335
4490168262699716549,0.0,0.0,0.0,0.0,0.0,0.0
7250561679095390438,0.0,3.945525023611111,28.23011525833334,0.0,0.0,0.0
27099145190781701,0.0,4.0,18.45633441416667,0.0,0.0,0.0
7700426430210091660,0.0,2.0,2.0,0.0,0.0,14.418818367499998
7689815792422819661,0.0,0.0,0.0,0.0,2.0,18.995842491666668
534942062508143963,0.0,3.0,3.914904268333333,0.0,2.5,30.896208263888887
4186055994645210040,0.0,0.0,0.0,0.0,3.3373661336111113,19.287714629444444
761150016862176214,0.0,0.0,0.0,0.0,4.385408465833334,29.368815875
9007766313027524324,0.0,0.0,0.0,0.0,2.0,18.491428672222224
7131983716943940560,0.0,0.0,0.0,0.0,3.0,23.0
2418585462528908688,0.0,0.0,0.0,0.0,0.0,0.0
2680489839325406534,0.0,3.855471986111111,27.903293300833333,0.0,0.0,0.0
2921770204752359016,0.0,2.0,16.326255215833335,0.0,0.0,0.0
4714225106250340108,0.0,0.0,0.0,0.0,0.0,0.0
8445695079583663910,0.0,3.1314034800000004,24.81852002555556,0.0,0.0,0.0
8238018223692779431,0.0,0.0,0.0,0.0,9.966868508333333,53.317533238611105
2217565331202925858,0.0,0.0,0.0,0.0,0.0,0.0
8445372164064960268,0.0,3.8885542455555555,28.01711836388889,0.0,0.0,0.0
8316894844897055929,0.0,0.5,0.5393753930555556,0.0,3.0,21.128152099444442
3676139268965286790,0.0,4.0,11.47529557138889,0.0,0.0,7.868273405277778
4301772298177454840,0.0,0.0,0.0,0.0,4.958735123333333,28.896091474166667
8281805787549037440,0.0,0.0,0.0,0.0,0.0,0.0
8018186541496678058,0.0,0.0,0.0,0.0,2.5,19.913047268055557
4382118344072425968,0.0,3.4771972808333333,26.603210520277774,0.0,0.0,0.0
6833286636551589412,0.0,0.0,0.0,0.0,0.0,0.0
2599611321049050132,0.0,3.0,3.9124020769444443,0.0,2.5,30.87215910638889
5172683340926528202,0.0,8.891628435000001,52.631983308888884,0.0,0.0,0.0
2444571783856717430,0.0,0.0,0.0,0.0,4.950028632777777,29.627609249722223
464344448013588853,0.0,0.0,0.0,0.0,0.0,0.0
5531489951592523305,0.0,3.5,12.73992826027778,0.0,0.0,0.0
7717660522305873406,0.0,0.0,0.0,0.0,9.944409733055554,53.32874098972222
8442155930538555912,0.0,0.0,0.0,0.0,0.0,0.0
1406152021548527918,0.0,3.448648372777778,24.904746466666666,0.0,0.0,0.32743366166666665
2743917683024367670,0.0,0.0,0.0,0.0,4.383027392222222,30.149699586388888
1263313221864352798,0.0,0.0,0.0,0.0,0.0,0.0
6033078927093216807,0.0,2.0,16.822194625833333,0.0,0.0,0.0
5324764130529948850,0.0,0.0,0.0,0.0,0.0,0.0
5963244290990414105,0.0,0.0,0.0,0.0,4.959269612222221,29.666533649166663
60457724125785585,0.0,0.0,0.0,0.0,0.0,0.0
2485499600567598550,0.0,0.0,0.0,0.0,0.0,0.0
7079274467824786529,0.0,3.4229339533333336,18.74853715083333,0.0,0.0,0.0
1759100766811847016,0.0,0.0,0.0,0.0,0.0,0.0
5953482702228811540,0.0,3.8972102136111113,12.39721021361111,0.0,0.0,15.8310314275
7782135406639936057,0.0,3.8889044605555556,11.888904460555556,0.0,0.0,16.236365788888886
6561703302272808517,0.0,0.0,0.0,0.0,0.0,0.0
2716610122072123243,0.0,0.0,0.0,0.0,0.0,0.0
5347190332832093080,0.0,0.0,0.0,0.0,0.0,0.0
8358338731902291786,0.0,2.5,20.5,0.0,0.0,0.0
7494741768470986869,0.0,4.060811141111111,27.07659289555556,0.0,0.0,0.0
5871369041881192916,0.0,0.0,0.0,0.0,4.603676704166667,28.828373450555553
4093637869733340731,0.0,0.0,0.0,0.0,3.0,22.375463184444445
4944536771765996026,0.0,0.0,0.0,0.0,2.9305842716666666,18.369965968055556
5638448267600207795,0.0,0.0,0.0,0.0,0.0,0.0
6077660293503601866,0.0,3.0285031525,3.1513568933333334,0.0,1.0,24.895418584999998
158406589678859173,0.0,0.0,0.0,0.0,3.933619313888889,28.544951629444444
7614824149049759851,0.0,15.556767685555554,80.93071270222222,0.0,0.0,0.0
4980781886232290796,0.0,15.48829336388889,85.0920970236111,0.0,0.0,0.0
148795032015503980,0.0,0.0,0.0,0.0,4.831284385833333,31.522228546666668
7048905833395581738,0.0,0.0,0.0,0.0,0.0,0.0
3520543761789396773,0.0,2.966869980833333,15.933751456666666,0.0,0.0,0.0
7700782639388559644,0.0,0.0,0.0,0.0,0.0,0.0
8032203943642240039,0.0,15.53397203111111,80.63923208805558,0.0,0.0,0.0
3511697439746388335,0.0,5.0,35.81060585833333,0.0,0.0,0.0
541109969542481625,0.0,0.0,0.0,0.0,0.0,0.0
2243645196147922938,0.0,0.0,0.0,0.0,0.0,0.0
8138753161225770962,0.0,7.878265229722222,54.08373913111111,0.0,0.0,0.6902178569444444
4564476575467126467,0.0,5.859076424444444,34.28498682,0.0,0.0,2.0
2745405131043922955,0.0,3.683781773888889,25.42401516916667,0.0,0.0,2.0
367590061114712815,0.0,3.5,3.5,0.0,0.5,22.0
4392262532304212457,0.0,2.511327463333333,17.461768723888888,0.0,0.0,0.0
8204802052972909326,0.0,0.0,19.052134204166666,0.0,0.0,0.0
8260425251717833965,0.0,2.5,21.5,0.0,0.0,0.0
2723370672116413902,0.0,0.0,0.0,0.0,0.0,0.0
4328591465187020322,0.0,0.0,0.0,0.0,3.0,22.730500113333335
5013320822136552165,0.0,2.5,21.31793260055555,0.0,0.0,0.0
7315424696798227151,0.0,0.0,0.0,0.0,0.0,0.0
84556309993044773,0.0,4.380008206666667,4.836599995555556,0.0,1.5,29.350440881111112
5501223155082294021,0.0,0.0,0.0,0.0,3.3321963502777776,20.956731054444443
7082578511700830448,0.0,0.0,0.0,0.0,3.963665283333333,27.863846783055557
3735062644644951598,0.0,0.0,0.0,0.0,0.0,0.0
6885055584095593568,0.0,15.556767685555554,80.93071270222222,0.0,0.0,0.0
2739506591976043860,0.0,2.4022189033333334,2.9525110102777785,0.0,1.5,25.0
7570269368745353854,0.0,15.485920607222223,60.25576001305556,0.0,0.0,0.0
3880151045864708269,0.0,0.0,0.0,0.0,3.982705535555555,28.82540545805556
3904969617592740705,0.0,4.989981140833334,27.97992421888889,0.0,0.0,0.0
6293447473718103019,0.0,0.0,0.0,0.0,0.0,0.0
9093184199664355954,0.0,0.0,0.0,0.0,0.0,0.0
3639357247132139641,0.0,0.0,0.0,0.0,0.0,12.76440317
4452511061815625182,0.0,3.9303348077777778,28.826104380833332,0.0,0.0,0.0
4302876854415357898,0.0,3.0,23.5,0.0,0.0,0.0
9187547007090535526,0.0,4.049786362777778,28.320481815277777,0.0,0.0,0.0
6102129618872858606,0.0,0.0,0.0,0.0,2.670788462777778,25.281576411944442
6828664592648566966,0.0,15.471935035000001,42.82590413194444,0.0,0.0,43.54984960944446
4294796976390641784,0.0,2.0030934647222223,17.40053382972222,0.0,0.0,0.0
2799412755942795518,0.0,9.513681746944444,63.14357249388888,0.0,0.0,1.5
5228523973235102150,0.0,15.401130220555556,66.16550043166667,0.0,0.0,0.0
7787233413436356353,0.0,4.5,29.522590673611113,0.0,0.0,0.0
8767068586059881204,0.0,0.0,0.0,0.0,2.5,15.995041290555553
6047205650421415000,0.0,4.902712813333333,30.563370778055557,0.0,0.0,0.0
1653546505509885456,0.0,2.5786649844444445,26.469676521388887,0.0,0.0,0.0
2435196420942917349,0.0,3.5,27.293992990555555,0.0,0.0,1.0
2357757371120531929,0.0,4.458624501111112,4.458624501111112,0.0,0.5,29.44866795833333
404347378606512385,0.0,15.552211864166667,35.158261109444446,0.0,0.0,44.78865305222223
7920342993186169703,0.0,2.8282517461111114,18.821921939166664,0.0,0.0,0.0
1749934803604450894,0.0,3.688401906111111,25.25539978888889,0.0,0.0,0.0
4683660238197535839,0.0,6.0,30.04949655805556,0.0,0.0,8.032602177222222
590843890890025127,0.0,0.0,0.0,0.0,3.8937473652777777,27.746803008333334
8518420877315551053,0.0,0.0,0.0,0.0,0.0,0.0
8174582901236810236,0.0,2.727675485555556,26.670033515833335,0.0,0.0,0.0
1247679670163222814,0.0,0.0,0.0,0.0,0.0,0.0
2093459406570130080,0.0,2.1501422591666666,2.1501422591666666,0.0,0.5,25.40915094138889
6552433352624117779,0.0,0.0,0.0,0.0,3.8491712855555553,30.632617593055556
5128069222245972936,0.0,2.409757446666667,2.409757446666667,0.0,0.0,13.720610343055556
5617147641233795296,0.0,2.6332473480555554,27.10085237611111,0.0,0.0,0.0
2328922577549224385,0.0,15.490909231666667,68.43765548055555,0.0,0.0,0.0
8902299702965892833,0.0,15.521752798333331,86.55851620194446,0.0,0.0,0.0
5772275248460011564,0.0,4.420995445277778,24.852519006388885,0.0,0.0,0.0
7709672704889672140,0.0,2.5,21.5,0.0,0.0,0.0
1568938491008399136,0.0,1.9796976458333333,17.31838929472222,0.0,0.0,0.0
7598275831951085035,0.0,2.0,19.0,0.0,0.0,0.0
5484740482186213372,0.0,4.998544326111111,48.77226923333332,0.0,0.0,0.0
4270744069660276008,0.0,15.496311461944446,82.01741659888891,0.0,0.0,0.0
5934756706876462824,0.0,4.028087232777778,13.68993845805556,0.0,0.0,0.0
5332269489088543854,0.0,3.0,26.089098783055555,0.0,0.0,0.4325655588888889
2821716218327194996,0.0,4.4639486222222216,4.9639486222222216,0.0,0.5,28.957944205833332
2141385027021675889,0.0,0.0,0.0,0.0,2.5,21.169963250000002
2107845511883729045,0.0,1.8994036836111112,1.8994036836111112,0.0,0.0,21.103101479444444
5645218418215070857,0.0,0.0,0.0,0.0,0.0,0.0
3121383547391132887,0.0,0.0,0.0,0.0,0.0,0.0
8470714152989033556,0.0,3.0,23.767752265000002,0.0,0.0,0.0
1142217956989272744,0.0,0.0,0.0,0.0,2.487213262222222,13.234755708888889
6940297665890606054,0.0,4.387559595,5.161328540000001,0.0,1.5,29.0
4378492065940312953,0.0,2.5229156755555553,17.699682314722224,0.0,0.0,0.0
4668147078195147229,0.0,0.0,0.0,0.0,0.0,0.0
1265586619698561267,0.0,0.0,0.0,0.0,0.0,0.0
4108771977457241007,0.0,2.0,2.0,0.0,0.0,19.0
442221075012068131,0.0,5.5,36.691379614999995,0.0,0.0,0.0
1133297841839630705,0.0,0.0,0.0,0.0,0.0,0.0
4393726559807507255,0.0,0.0,0.0,0.0,2.7213991588888886,21.594922805
2570503046636429378,0.0,0.0,0.0,0.0,0.0,0.0
2741813902405087050,0.0,7.875223461666667,48.11537359083333,0.0,0.0,0.20365707833333332
114275044024650773,0.0,2.9081607366666664,18.473333304999997,0.0,0.0,0.0
3430291845684286642,0.0,3.8650049822222226,30.672415624166668,0.0,0.0,0.0
2789835417512749936,0.0,0.0,0.0,0.0,5.5,24.205310695833337
6561574537151816086,0.0,0.0,0.0,0.0,3.0,21.71417469777778
96562112022963516,0.0,2.968453061944445,22.711866350555553,0.0,0.0,0.0
7535412366097548723,0.0,4.859638817222222,32.42403733611111,0.0,0.0,0.0
3587665864946240964,0.0,0.0,0.0,0.0,2.5,21.387752825277783
2601623541509400542,0.0,2.5,21.255224680000005,0.0,0.0,0.0
7516542846385307227,0.0,2.3946269169444445,2.3946269169444445,0.0,0.0,13.09074462388889
3510851156832069763,0.0,3.645910536388889,31.137895071388886,0.0,0.0,0.0
7735253880009557608,0.0,2.9219072069444443,24.092271121666663,0.0,0.0,0.0
4624725758261783243,0.0,0.0,0.0,0.0,0.0,0.0
3261499711683468740,0.0,2.5,18.7454980825,0.0,0.0,0.0
891329511295269720,0.0,2.0,19.089260123888888,0.0,0.0,0.0
8395278100631560761,0.0,0.0,0.0,0.0,0.0,0.0
2543361499493856526,0.0,1.5,11.483229380555555,0.0,0.0,0.0
1352067438971867278,0.0,11.372038065833332,48.11220452972222,0.0,0.0,0.0
8158574425503693718,0.0,2.6713493425,24.615030786388896,0.0,0.0,0.0
978662904734234369,0.0,3.0,24.0,0.0,0.0,0.0
8284419975823451193,0.0,1.979371396388889,17.831702022777776,0.0,0.0,0.0
4568804477775278696,0.0,0.0,0.0,0.0,0.0,0.0
3334018861623947597,0.0,0.0,0.0,0.0,7.907960695277778,46.89888550166667
5869359793550600766,0.0,0.0,0.0,0.0,0.0,0.0
3967308403807969669,0.0,2.720359672222222,21.3932060375,0.0,0.0,0.0
7915689110941151310,0.0,0.0,0.0,0.0,0.0,0.0
5749922296635145506,0.0,4.998399090277777,39.627271506666666,0.0,0.0,0.0
8494749731668571682,0.0,2.0,19.0,0.0,0.0,0.0
9125769193436105000,0.0,3.962667101111111,29.89733504222222,0.0,0.0,0.0
8804060814231974834,0.0,0.0,0.0,0.0,3.910472844722222,26.607421866944446
6762475149574716258,0.0,2.5,11.0,0.0,0.25469026749999996,12.219139065
8567568702056553166,0.0,2.5,21.5,0.0,0.0,0.0
2062632175994588271,0.0,3.035342589444445,19.53553331833334,0.0,0.0,0.0
2326998101403619796,0.0,0.0,0.0,0.0,0.0,0.0
3476297652413330731,0.0,1.8984538719444446,21.73027403666667,0.0,0.0,0.0
8769244068032301610,0.0,0.0,0.0,0.0,0.0,0.0
1281369870889059404,0.0,0.0,0.0,0.0,1.5,20.393938738055557
7484228659551863931,0.0,4.9639200644444434,29.53443180888889,0.0,0.0,0.0
5194480840419173071,0.0,0.0,0.0,0.0,0.0,0.0
7913048394031126738,0.0,0.0,0.0,0.0,0.0,0.0
7107629672848489940,0.0,2.9659854552777776,22.48326074277778,0.0,0.0,0.0
7101133681770744047,0.0,2.3782349658333333,20.379931979444446,0.0,0.0,0.0
5285677229247796985,0.0,0.0,0.0,0.0,0.0,0.0
2447384155877148423,0.0,3.8454755836111114,26.644919939166666,0.0,0.0,0.0
3004335085266214420,0.0,4.944135393333334,28.479724098611108,0.0,0.0,0.0
4616172507620864132,0.0,0.0,0.0,0.0,2.5,21.33464914972222
4479691732026209340,0.0,0.0,0.0,0.0,0.0,0.0
6833173360315994191,0.0,2.0,2.0,0.0,0.5,23.5
6348248333327710775,0.0,0.0,0.0,0.0,0.0,0.0
3733328457465971628,0.0,9.502707482499998,59.78717059805556,0.0,0.0,1.5
2696644192611925431,0.0,0.0,23.156288649166672,0.0,0.0,0.0
8721185064311032518,0.0,0.0,0.0,0.0,0.0,0.0
4147900741778358744,0.0,0.0,0.0,0.0,0.0,0.0
5048390595707248268,0.0,3.739558195555555,30.24954206111111,0.0,0.0,0.0
6236032181607039940,0.0,0.0,0.0,0.0,0.0,0.0
4398082883008351949,0.0,2.3730762611111107,20.093109281388887,0.0,0.0,0.0
8656974969835091987,0.0,3.8885153105555554,26.313208844166663,0.0,0.0,0.0
78840133745304014,0.0,0.0,0.0,0.0,3.5,25.470577880555556
3344763649801164460,0.0,5.973333118888889,34.63506629111111,0.0,0.0,0.0
1552357708124022142,0.0,1.8270851836111108,14.332984991944443,0.0,0.0,0.0
5528766180183805661,0.0,0.0,0.0,0.0,5.864237694722223,35.22631121694444
6252624026242162708,0.0,0.0,0.0,0.0,0.0,0.0
4923162991944642705,0.0,3.0,3.0610110175,0.0,2.5,30.0915398775
6792005552508373456,0.0,0.0,0.0,0.0,0.0,0.0
3207936275085636287,0.0,15.490909231666667,68.43765548055555,0.0,0.0,0.0
1227925152111468964,0.0,0.0,0.0,0.0,2.0,25.38711066777778
3830435584849095889,0.0,2.914712846388889,27.495875143055557,0.0,0.0,0.0
5721357029476609077,0.0,3.0,23.72679108638889,0.0,0.0,0.0
1495179965606986494,0.0,0.0,0.0,0.0,0.0,0.0
5610412530533291063,0.0,0.0,0.0,0.0,0.0,0.0
9111813718630350474,0.0,0.0,0.0,0.0,0.0,0.0
7001015127375054226,0.0,0.0,0.0,0.0,5.868352748333334,41.28760189722222
2126569572325536294,0.0,10.971401045833336,49.05416169888888,0.0,0.0,0.0
4664838166424751162,0.0,15.471935035000001,42.82590413194444,0.0,0.0,43.54984960944446
1062490453651181568,0.0,0.0,0.0,0.0,0.0,0.0
3119561459267159151,0.0,0.0,0.0,0.0,0.0,0.0
5829217592981755483,0.0,4.492435882500001,6.723170332222223,0.0,1.0,28.5
229392696493371616,0.0,4.885558921944445,31.30779490416667,0.0,0.0,0.0
3897548149267830666,0.0,0.0,0.0,0.0,0.0,0.0
7898009483253486425,0.0,2.5,20.897048919722224,0.0,0.0,0.0
7116155571181942746,0.0,2.5,24.0,0.0,0.0,0.0
3408762813100733141,0.0,0.0,0.0,0.0,0.0,0.0
6202874450801049187,0.0,2.5,21.1289200825,0.0,0.0,0.0
4248854976462323200,0.0,0.0,0.0,0.0,0.0,0.0
6540865366107698272,0.0,0.0,0.0,0.0,0.0,0.0
3750497338178007450,0.0,0.0,0.0,0.0,4.981447309722222,33.79213406638889
544843242554356188,0.0,0.0,0.0,0.0,0.0,0.0
4681743429609749121,0.0,3.5,25.5,0.0,0.0,0.0
1245871250837592404,0.0,0.0,0.0,0.0,0.0,0.0
2742003467129972596,0.0,3.94090716,28.183038866944443,0.0,0.0,1.034922983888889
6817327931256412969,0.0,3.7268332,23.96283193777777,0.0,0.0,3.0
6108971205781098565,0.0,17.450641688333334,64.0531946975,0.0,0.0,0.0
145417959116960440,0.0,2.0,2.0,0.0,0.0,19.0
2671352006512594556,0.0,3.5,22.662898108611113,0.0,0.0,0.0
5516253888190090178,0.0,4.440955346388889,4.609298052222221,0.0,1.5,28.933374430555556
3673755321638450787,0.0,0.0,0.0,0.0,0.0,0.0
757564082742101725,0.0,0.0,0.0,0.0,0.0,0.0
391996128555104689,0.0,0.0,0.0,0.0,0.0,0.0
1024015964072928046,0.0,2.5,10.967929568333334,0.0,0.009652600555555555,11.122933338333334
4307011245033810874,0.0,9.633282572777777,60.35018911611111,0.0,0.0,1.0
8833174126387019785,0.0,0.0,0.0,0.0,2.9348456297222225,27.458699248611108
2378940157071248391,0.0,1.5,11.340401633888888,0.0,0.0,0.0
2460010385978945388,0.0,2.5,23.9952820875,0.0,0.0,0.0
2607803237069552758,0.0,2.0,20.0,0.0,0.0,0.0
5441697692781080792,0.0,2.0,2.0,0.0,1.5,25.632742380555552
2942562654126415992,0.0,4.9364590605555545,36.15555330527778,0.0,0.0,0.0
8342809399303170104,0.0,0.0,0.0,0.0,0.0,0.0
5514360354119431183,0.0,0.0,0.0,0.0,0.0,0.0
7669040490108017952,0.0,2.0302656888888886,17.337781539166667,0.0,0.0,0.0
12572597046904092,0.0,1.3767950883333333,11.097218099166666,0.0,0.0,0.0
1324681203567490082,0.0,0.0,0.0,0.0,0.0,0.0
3970428415823108093,0.0,0.0,0.0,0.0,2.591207952777778,21.362361592222218
1281962307190481769,0.0,0.0,0.0,0.0,0.0,0.0
7865853505802791614,0.0,7.918091905555556,54.00422298111111,0.0,0.0,0.14994191222222222
339527900019182494,0.0,3.0,24.0,0.0,0.0,0.0
2200316197143126398,0.0,2.5,21.5,0.0,0.0,0.0
849669130903883218,0.0,1.5,20.5,0.0,0.0,0.0
1120203242682432112,0.0,0.0,0.0,0.0,0.0,0.0
1339634828329062513,0.0,3.2106624052777777,19.671573986666665,0.0,0.0,0.0
8377637253278141924,0.0,4.506376075833333,18.00506895611111,0.0,0.0,0.0
1406055937856189625,0.0,3.5814702630555555,25.27844728,0.0,0.0,0.0
5670063460750150662,0.0,15.516724484722223,61.206049904166655,0.0,0.0,0.0
4756832881864797637,0.0,3.0,23.193108876388887,0.0,0.0,0.0
7848107479568999542,0.0,3.0,23.5,0.0,0.0,0.0
7102602689636982474,0.0,2.353368882777778,20.169223221388894,0.0,0.0,0.0
3528905339584729426,0.0,0.0,0.0,0.0,2.5,18.375971585
6644346740593479671,0.0,4.9749901847222215,36.57011959611111,0.0,0.0,0.0
7298697060786411262,0.0,0.0,0.0,0.0,2.5,20.1712172225
332573856100750857,0.0,4.407888344722222,4.908766222222222,0.0,1.5,29.0
8046946363444153301,0.0,5.5,30.57518575388889,0.0,0.0,0.0
921857799091881195,0.0,0.0,16.384701661944444,0.0,0.0,0.0
8469454412704129667,0.0,4.903603635555555,31.774174492777778,0.0,0.0,0.0
6842397837840074931,0.0,1.5,18.472808709444443,0.0,0.0,0.0
3335936003001211540,0.0,15.543516149722224,78.99816642972223,0.0,0.0,0.0
1494721423399185336,0.0,2.947393242222222,24.90850201,0.0,0.0,0.21256215777777776
5548591958446704772,0.0,0.0,0.0,0.0,0.0,0.0
3355650025131059565,0.0,2.457840586388889,2.457840586388889,0.0,0.0,8.272783622777778
4823461475864726096,0.0,9.633282572777777,60.35018911611111,0.0,0.0,1.0
3309449187761773285,0.0,0.0,0.0,0.0,0.0,0.0
6908789011556253351,0.0,2.5,22.81145286138889,0.0,0.0,0.0
8165685535525538800,0.0,3.932060208888889,26.38246234805556,0.0,0.0,0.0
7384579014141510360,0.0,0.0,0.0,0.0,0.0,0.0
1912555533282230523,0.0,4.57916188861111,13.891513805555554,0.0,0.0,0.0
4176667942951462854,0.0,3.5,15.913630389166666,0.0,0.0,0.0
6935189878675027473,0.0,2.5,19.0,0.0,0.0,3.5
8493329891106339753,0.0,0.0,0.0,0.0,3.3621674275,20.901657688055558
6534582361387159998,0.0,0.0,0.0,0.0,0.0,10.10955128
4958276022230275279,0.0,4.949755686666666,31.449755686666666,0.0,0.0,0.8667905200000001
6263806500030725828,0.0,3.927945916388889,27.633343775555556,0.0,0.0,0.0
4656329363676640496,0.0,1.5,5.5,0.0,0.0,4.0
5882131408888381960,0.0,0.0,0.0,0.0,0.0,0.0
5148694224669442750,0.0,2.1942229880555555,2.1942229880555555,0.0,0.5,13.13272343388889
7377442190619561655,0.0,0.0,0.0,0.0,0.0,12.944501889722224
8241407863379904851,0.0,2.6105684072222224,25.36963767138889,0.0,0.0,0.0
6243851406198325678,0.0,2.4646012819444443,2.4646012819444443,0.0,0.0,8.271369773055556
8739366148952710727,0.0,7.893060343888889,54.94431619138889,0.0,0.0,0.0
6459845284155432644,0.0,15.524755700555554,81.22024958722223,0.0,0.0,0.0
810957447354664574,0.0,0.0,0.0,0.0,0.0,0.0
8970509312518893785,0.0,0.0,0.0,0.0,0.0,0.0
1759040210299471913,0.0,3.0,3.4906477991666662,0.0,1.5,27.0
3131488116569714251,0.0,0.0,0.0,0.0,3.3639145475000003,22.297132588611117
5044586070385128581,0.0,15.552211864166667,35.158261109444446,0.0,0.0,44.78865305222223
7466277663248763659,0.0,3.5,25.92233386694444,0.0,0.0,0.0
6703745954269203712,0.0,4.9390715586111105,30.620834652499997,0.0,0.0,0.0
3655250411246040457,0.0,0.0,0.0,0.0,2.7084364138888892,21.94241773472222
4608713669307530996,0.0,0.0,18.99127448416667,0.0,0.0,0.0
9218470229355806679,0.0,0.0,0.0,0.0,3.0563904708333336,22.898669709444448
2689915302676052787,0.0,0.0,0.0,0.0,0.0,0.0
3181682982511372161,0.0,2.452146562222222,25.945952277222222,0.0,0.0,0.4734997441666667
8957564409329106783,0.0,4.5,29.785037284722225,0.0,0.0,0.0
5437414992872782794,0.0,0.0,0.0,0.0,0.0,0.0
1736823622651363324,0.0,4.5,22.493878876944446,0.0,0.0,0.0
5225120952399060307,0.0,2.6939297530555555,27.16893381388889,0.0,0.0,0.0
6421416286321404209,0.0,15.543516149722224,78.99816642972223,0.0,0.0,0.0
8525317248689089924,0.0,0.0,0.0,0.0,3.5,26.466670740277777
5885389123242289716,0.0,0.0,0.0,0.0,0.0,0.0
1568048303936889128,0.0,4.57916188861111,13.891513805555554,0.0,0.0,0.0
1275530718017616233,0.0,2.886735689166667,15.805459378333333,0.0,0.0,0.0
7423028298759910665,0.0,15.550345465277777,76.6778746988889,0.0,0.0,0.0
2222659961197665002,0.0,4.841685166111111,30.268193046388895,0.0,0.0,0.0
2581306311641061569,0.0,0.0,0.0,0.0,0.0,10.07767714861111
4439758315040000214,0.0,0.0,0.0,0.0,3.8177991405555556,28.16067522694444
2816010346575914202,0.0,2.0,3.2384800641666667,0.0,0.0,17.5
9091984024869413132,0.0,3.5,3.5,0.0,0.5,23.0
3010734844991134260,0.0,2.6666531338888886,26.45084877333333,0.0,0.0,0.0
3478508669626617796,0.0,0.0,0.0,0.0,0.0,0.0
922677094745545948,0.0,15.51638296027778,83.64184070527777,0.0,0.0,0.0
8510657403329403361,0.0,4.969964030555556,31.969964030555555,0.0,0.0,0.4721725175
2544654206029195412,0.0,0.0,0.0,0.0,4.0,27.0
1085824308941718209,0.0,0.0,0.8071264394444443,0.0,0.0,10.0
7642900884278143798,0.0,0.0,0.0,0.0,0.0,0.0
4772426002265484977,0.0,2.5,20.012625614166666,0.0,0.0,0.0
8839009347165021967,0.0,4.984865298888889,32.13602821222222,0.0,0.0,0.0
1076326551375173763,0.0,0.0,0.0,0.0,2.0,21.779239550277776
3483396411645927810,0.0,15.469524525555554,59.14343520166668,0.0,0.0,0.0
8383837387169593069,0.0,4.967421561666667,32.40658808083334,0.0,0.0,0.0
8596104727907893615,0.0,0.0,0.0,0.0,7.917695645555555,46.582819044999994
5943691394885647081,0.0,1.5,5.0,0.0,0.0,4.5
7160291849340964918,0.0,2.5,14.899760341944445,0.0,0.0,0.0
8705601254340815493,0.0,0.0,0.0,0.0,0.0,0.0
4164786324368398402,0.0,4.831602212222222,34.09287031027778,0.0,0.0,0.0
1329620749273573213,0.0,15.543516149722224,78.99816642972223,0.0,0.0,0.0
3872163434748924812,0.0,0.0,0.0,0.0,0.0,0.0
530052332378613789,0.0,4.949061240833333,32.60813809027778,0.0,0.0,0.0
544421500538284823,0.0,2.5030329725000002,17.90429416083333,0.0,0.0,0.0
8252810315979230650,0.0,2.8409321949999997,27.38086381361111,0.0,0.0,0.0
2654794462633250702,0.0,2.5,22.178526271944445,0.0,0.0,0.0
5638371070040836066,0.0,2.5,19.5,0.0,0.0,0.0
4647070785754553179,0.0,2.0,14.0,0.0,0.0,0.0
5414311746658143054,0.0,3.478164469722222,21.771023149444446,0.0,0.0,0.0
6651116329301285608,0.0,0.0,0.0,0.0,3.5,21.74343190277778
6022548883305393564,0.0,15.459884700555557,83.54948698638887,0.0,0.0,0.0
3182483432348915988,0.0,0.0,0.0,0.0,0.0,0.0
6710364911321105729,0.0,0.0,0.0,0.0,0.0,0.0
7431024604579120252,0.0,3.6912318022222217,25.84066419722222,0.0,0.0,0.0
8516636064198554687,0.0,9.525670335,58.54102370666666,0.0,0.0,1.5
4866400698986294569,0.0,5.9113808575,35.3061842825,0.0,0.0,0.0
2237237809358266022,0.0,1.2849891022222222,20.05770919416667,0.0,0.0,0.0
5404373355533072272,0.0,0.0,0.0,0.0,0.0,0.0
807795446744791539,0.0,0.0,0.0,0.0,0.0,0.0
3636679415424536226,0.0,2.023030635555555,16.397207525833334,0.0,0.0,0.0
5519546548733745356,0.0,0.0,0.0,0.0,5.835504294444445,36.41833724083334
3302025903868811555,0.0,5.0,28.47457853611111,0.0,0.0,0.0
3570313972097068018,0.0,0.0,0.0,0.0,2.1961439519444443,21.867045686666664
2169420598568208664,0.0,4.019972065555556,26.930181790277782,0.0,0.0,0.0
7369000223881875999,0.0,7.953960191388889,54.14778374249999,0.0,0.0,0.08551804111111112
1600945327166552615,0.0,0.0,0.0,0.0,2.6866367422222224,22.615884976111108
5011875935689158149,0.0,0.0,0.0,0.0,3.5,23.374763986111113
8057193747432734671,0.0,0.0,0.0,0.0,0.0,0.0
6814306481052341158,0.0,1.0,20.255993079166664,0.0,0.0,0.0
6082960386530651837,0.0,7.984243453611111,47.46188389694444,0.0,0.0,0.0
8302393800798571304,0.0,2.5,18.72790275472222,0.0,0.0,0.0
4917202297383237926,0.0,0.0,0.0,0.0,0.0,0.0
6953348387419728440,0.0,2.9062937202777777,23.836103784444447,0.0,0.0,0.3237784408333333
2152172270735743834,0.0,2.6923836722222223,23.4086366725,0.0,0.0,0.0
3217866581073341993,0.0,0.0,0.0,0.0,2.3863951847222227,20.46501041777778
4921318406079072062,0.0,5.9479911633333336,32.8888285625,0.0,0.0,0.0
222120335767680780,0.0,4.910186443888889,30.827950577777777,0.0,0.0,0.0
5366893348553692452,0.0,0.0,0.0,0.0,0.0,0.0
191331733720214713,0.0,4.028087232777778,13.68993845805556,0.0,0.0,0.0
7235724709470150362,0.0,0.0,0.0,0.0,1.0,2.9449339616666665
1704502456927455373,0.0,0.0,0.0,0.0,0.0,0.0
505566916207950598,0.0,3.105378706666667,20.943541931388893,0.0,0.0,0.0
7852975887098099378,0.0,2.8493826874999995,24.096975625833334,0.0,0.0,0.0
4789157162476311805,0.0,3.0,24.476668175,0.0,0.0,0.0
3301402885999045956,0.0,3.9867492936111115,28.389987496666667,0.0,0.0,0.0
4025243709505534400,0.0,0.0,0.0,0.0,3.863457778611111,31.334560445555557
2717033434149907233,0.0,3.5,16.349950139166666,0.0,0.0,0.0
5623183175403629727,0.0,0.0,0.0,0.0,0.0,0.0
7764169820811597185,0.0,5.911649610277778,35.48215001055556,0.0,0.0,0.0
8496299046890675668,0.0,0.0,0.0,0.0,3.816554032777778,28.34734481222222
2755282567814293240,0.0,2.0,19.0,0.0,0.0,0.0
7542507095706884557,0.0,0.0,0.0,0.0,0.0,0.0
6711428470739531382,0.0,2.0,2.0,0.0,0.0,19.0
3955175527438439049,0.0,0.0,0.0,0.0,0.0,0.0
8363703646299213971,0.0,0.0,0.0,0.0,0.0,15.607142273611112
4390339339092922880,0.0,4.936983999722222,31.488431187499998,0.0,0.0,0.0
2819620032108319968,0.0,5.5,30.653273725833337,0.0,0.0,0.0
8273753264268101658,0.0,4.5,24.171166598055553,0.0,0.0,0.0
1059123788319082228,0.0,0.0,0.0,0.0,0.0,0.0
6321616220523777465,0.0,0.0,0.0,0.0,3.941084595555556,26.417662628611115
8562380563167441809,0.0,0.0,0.0,0.0,0.0,0.0
4846221263435180255,0.0,0.0,0.0,0.0,0.0,0.0
468251853021790099,0.0,4.714046853611111,32.59746560888889,0.0,0.0,0.0
8317560550989820837,0.0,0.0,0.0,0.0,6.473983346944444,45.12723055277777
6189768128772440449,0.0,1.6629382325000002,21.512038183888883,0.0,0.0,0.0
10913998916849586,0.0,0.0,0.0,0.0,0.0,0.0
396078877209258585,0.0,0.0,0.0,0.0,0.0,0.0
7685023249649306361,0.0,0.0,0.0,0.0,2.5,21.5
6570957590527764528,0.0,0.0,0.0,0.0,0.0,0.0
1851462329436760047,0.0,3.588805771388889,26.97557534583333,0.0,0.0,0.0
9094899234157960657,0.0,3.5,25.250558620000003,0.0,0.0,0.0
3109175233871883374,0.0,0.0,0.0,0.0,9.569894319166666,43.844845086944446
1834569743158088021,0.0,9.539927651111112,63.03420635444444,0.0,0.0,1.5
4424946105527141451,0.0,4.5,24.34271678972222,0.0,0.0,0.0
2999376585553443335,0.0,3.5,17.870143586666664,0.0,0.0,0.0
3472583359122033940,0.0,3.0,26.751255274166667,0.0,0.0,0.0
7186159957839323524,0.0,0.0,0.0,0.0,2.391546833333334,6.380304238333334
7829875808885458590,0.0,0.0,0.0,0.0,0.0,0.0
5857383362689775783,0.0,3.5174531858333333,26.975103806111115,0.0,0.0,0.0
8245825950638749372,0.0,2.453237765,3.366908824722222,0.0,0.0,18.0
4681761385056565771,0.0,3.8346864119444444,28.046197414999998,0.0,0.0,0.0
3199288788810367360,0.0,4.898420079722222,32.43493822777778,0.0,0.0,0.0
8024838149298896430,0.0,0.0,0.0,0.0,7.9570254388888895,46.56438366222222
4738825005004186886,0.0,15.409857407222223,59.43721043305555,0.0,0.0,0.0
2557363912224593999,0.0,9.5079135775,63.72583029666668,0.0,0.0,1.5
7093743177671699467,0.0,0.0,0.0,0.0,0.0,0.0
1603774261069625841,0.0,0.0,0.0,0.0,0.0,0.0
2740314805467984430,0.0,15.552211864166667,35.158261109444446,0.0,0.0,44.78865305222223
1095317074200225605,0.0,2.5,23.5,0.0,0.0,0.0
2336119809941801598,0.0,0.0,0.0,0.0,0.0,0.0
4113789786207506299,0.0,1.3567578430555554,16.149144645,0.0,0.0,0.0
1530189762783095168,0.0,1.0,19.903321896388892,0.0,0.0,0.0
9028358488290162703,0.0,0.0,0.0,0.0,0.0,0.0
4211742229230531986,0.0,0.0,0.0,0.0,2.0,18.435880068055557
86280978327987306,0.0,2.4264722938888883,2.4264722938888883,0.0,1.5,25.682503310555553
2794668734436382699,0.0,4.5,32.0,0.0,0.0,0.0
2637135180128265866,0.0,3.5,27.636860109166665,0.0,0.0,0.0
7285025333367797175,0.0,0.0,0.0,0.0,0.0,0.0
4229534553524953507,0.0,4.904030088888889,32.60158548027778,0.0,0.0,0.0
7872057805038703923,0.0,0.0,0.0,0.0,0.0,0.0
3478034052400425126,0.0,4.998866860833333,36.63581196777778,0.0,0.0,0.0
3705229786086545658,0.0,3.0,24.0,0.0,0.0,0.0
4455955882727210429,0.0,0.0,0.0,0.0,0.0,0.0
7378209180335728706,0.0,9.539927651111112,63.03420635444444,0.0,0.0,1.5
3835220596587037896,0.0,0.0,0.0,0.0,0.0,0.0
6934282015525708051,0.0,3.0,24.0,0.0,0.0,0.0
2739571364086420885,0.0,15.55402737,85.16681098416667,0.0,0.0,0.0
2378235490339082505,0.0,0.0,0.0,0.0,0.0,0.0
4631422733156765096,0.0,3.0,26.082288675833336,0.0,0.0,0.0
498507889058368504,0.0,0.0,0.0,0.0,2.0,17.0
8562888091899130185,0.0,0.0,0.0,0.0,0.0,0.0
3526550107739667540,0.0,0.0,0.0,0.0,3.5,23.739165786111112
3585657517109439062,0.0,5.836890219444443,35.463615370833324,0.0,0.0,0.0
6374225983522703190,0.0,0.0,0.0,0.0,3.0,21.707017005555556
3815439093006914422,0.0,2.960686954444444,23.656345533333333,0.0,0.0,0.0
3272045057316259592,0.0,17.477833288611112,64.0474981911111,0.0,0.0,0.0
5048490932761510857,0.0,0.0,0.0,0.0,0.0,0.0
5775255591306877364,0.0,0.0,0.0,0.0,0.0,0.0
7582069595165541352,0.0,0.0,0.0,0.0,0.0,0.0
5658095063472105077,0.0,0.0,0.0,0.0,4.955375685277778,34.550925273611114
8783702544048545188,0.0,3.0,3.0,0.0,2.5,31.149541438333337
3230649452233072527,0.0,4.5,24.02864862527778,0.0,0.0,0.0
4545109870331407179,0.0,3.9545349275,25.187700115833334,0.0,0.0,0.0
1387499127856730283,0.0,0.0,0.0,0.0,0.0,0.0
3773190039392271685,0.0,3.9106953736111114,28.22241099555556,0.0,0.0,0.0
2603208997901235365,0.0,1.4751404208333334,16.778478215555555,0.0,0.0,0.0
1699237904069988468,0.0,3.9171356808333333,27.316369111666667,0.0,0.0,0.0
61249558930922388,0.0,0.0,0.0,0.0,2.6440934719444447,25.21999583777778
8156012280066976692,0.0,1.9690811063888887,17.113753770277775,0.0,0.0,0.0
2237706596783713721,0.0,4.974223518611111,29.67573198111111,0.0,0.0,0.0
6552654471062018440,0.0,0.0,0.0,0.0,0.0,0.0
6936490969710201366,0.0,0.0,0.0,0.0,3.5,26.46866260361111
2399528086871175580,0.0,0.0,0.0,0.0,4.995838780555556,33.830010228055556
663034937572544197,0.0,4.5,22.982879524444446,0.0,0.0,0.0
669891907552658421,0.0,15.485492866666666,86.44492677305556,0.0,0.0,0.0
5102129532826692428,0.0,0.0,0.0,0.0,2.5,23.73636146388889
8933079223550783226,0.0,1.0,17.10018959888889,0.0,0.0,0.0
294330749305213289,0.0,0.0,0.0,0.0,0.0,0.0
7707528008225066648,0.0,1.9793432041666665,16.975318776111113,0.0,0.0,0.0
1641569296021103785,0.0,4.908033104166666,28.690884772500002,0.0,0.0,0.0
4301691019706464256,0.0,15.475716953333334,57.81628810583333,0.0,0.0,0.0
6922065097784044235,0.0,0.0,0.0,0.0,3.152508796111111,23.86653790361111
5364482641103760905,0.0,2.0,19.0,0.0,0.0,0.0
8947746420989097145,0.0,9.521002219166665,57.740488205833344,0.0,0.0,1.5
4750972984503710487,0.0,0.0,0.0,0.0,0.0,15.076216311666666
3194503360329838738,0.0,2.5,3.0984441119444446,0.0,0.5,17.0
5328868441857118583,0.0,0.0,0.0,0.0,3.0,18.75106531055555
3695022570505501051,0.0,0.0,0.0,0.0,0.0,0.0
7051857931649539994,0.0,3.0,13.254194449444444,0.0,3.0,22.12838195944444
1457721081990653172,0.0,4.5,28.069224497222226,0.0,0.0,0.0
4258430292538152783,0.0,0.0,0.0,0.0,7.9128234372222215,46.91581124972222
106468360682739586,0.0,2.372036565,21.215922262777777,0.0,0.0,0.0
7313783811030440445,0.0,5.874482343888889,35.11944706138889,0.0,0.0,0.0
8835187269741245949,0.0,2.4308033819444446,2.4308033819444446,0.0,0.0,12.92264811888889
2254345540888774754,0.0,1.9735178855555555,18.18021567,0.0,0.0,0.0
8091378431608170005,0.0,3.9863865205555555,26.40740121972222,0.0,0.0,0.0
7042794996615483386,0.0,4.955687873611111,33.15716818166667,0.0,0.0,0.0
7680612665427845811,0.0,0.0,0.0,0.0,0.0,0.0
2378834470095357297,0.0,7.821485240833334,47.52066853555555,0.0,0.0,0.0
8670696899878762943,0.0,4.928756574444445,36.54046139194444,0.0,0.0,0.0
6104774241364058349,0.0,15.52078977,83.58954526749999,0.0,0.0,0.0
1868307042375215207,0.0,1.9710854336111112,1.9710854336111112,0.0,0.0,10.865053301944444
918401936273728554,0.0,0.0,0.0,0.0,0.0,0.0
5366072592790137092,0.0,0.0,0.0,0.0,3.947597671111111,28.590809789999998
7078500601172140486,0.0,0.0,0.0,0.0,3.6704317297222224,25.76888751527778
5587568496527379193,0.0,3.5,15.959142502500002,0.0,0.0,0.0
5175069132751814351,0.0,0.0,0.0,0.0,0.0,0.0
3683209280250377921,0.0,0.0,0.0,0.0,3.847491433888889,28.37669296888889
7681219113084292190,0.0,5.878173873888889,34.719851291388885,0.0,0.0,3.112978697777778
1921454076511895339,0.0,3.0,3.0,0.0,1.5,27.481660299444446
3480743953780628156,0.0,0.0,0.0,0.0,0.0,0.0
6361135200790329214,0.0,3.9864130244444445,28.34771463138889,0.0,0.0,0.0
8167861777770124168,0.0,2.9566386869444443,28.786975359722224,0.0,0.0,0.0
7284033073501154264,0.0,3.6534697655555557,25.266668428333332,0.0,0.0,2.0
1087889765091730849,0.0,2.4203862844444446,3.4404227725,0.0,1.5,24.76580970166667
4993050751327963474,0.0,4.453698666388889,16.92342890638889,0.0,1.5,19.878588111944445
2088770151390257149,0.0,9.484954304444445,61.046193213888884,0.0,0.0,1.5
5288022037722914898,0.0,2.2297523916666666,2.2297523916666666,0.0,0.5,24.95260914777778
1758856469274535983,0.0,3.989874366388889,24.61891238583333,0.0,0.0,0.0
1499848007077225326,0.0,3.0,3.0,0.0,1.5,14.9836831325
1479192551603889353,0.0,0.0,0.0,0.0,3.0,23.0
2119174631289855900,0.0,2.525418060833333,17.475831619444442,0.0,0.0,0.0
7966661384416535769,0.0,1.8324115322222225,21.941561903333334,0.0,0.0,0.0
7680753725527618600,0.0,0.0,0.0,0.0,0.0,0.0
7197782624768298303,0.0,0.0,0.0,0.0,0.0,9.679205513333335
8457830603693431027,0.0,0.0,0.0,0.0,0.0,0.0
7586236246925198801,0.0,0.0,0.0,0.0,0.0,0.0
8950409301820724580,0.0,0.0,0.0,0.0,0.0,0.0
7863591736472240852,0.0,0.0,0.0,0.0,0.0,0.0
8720357761989598898,0.0,0.0,0.0,0.0,2.181553534722222,21.499332752222227
3557299608514966155,0.0,3.8941388277777778,27.627572659444446,0.0,0.0,0.0
1019604210961591619,0.0,3.5,18.23376948277778,0.0,0.0,0.0
203579134595321677,0.0,0.0,0.0,0.0,0.0,0.0
673229154936580065,0.0,2.5,17.444262624166665,0.0,0.0,0.0
6150710830392700827,0.0,2.8834310172222226,24.444827809166668,0.0,0.0,0.0
3478937946272191427,0.0,0.0,0.0,0.0,0.0,0.0
2847403169862292114,0.0,0.0,0.0,0.0,2.6447283099999996,21.86457700805556
8268352865482234759,0.0,0.0,0.0,0.0,0.0,0.0
7738559705422502250,0.0,3.6584720658333336,27.53537244194445,0.0,0.0,0.0
4197788539591985681,0.0,15.536794058888889,56.71826571916666,0.0,0.0,0.0
8083815008799489135,0.0,2.6167247616666667,23.417403444444446,0.0,0.0,4.5
815627275967566024,0.0,3.0,23.571141203333337,0.0,0.0,0.0
8485659148100683543,0.0,15.496311461944446,82.01741659888891,0.0,0.0,0.0
9122234953594183574,0.0,2.0,2.0,0.0,0.5,17.980041056666668
6393855138573945748,0.0,0.0,0.0,0.0,2.3639304408333333,6.761941025833333
3945441938695925496,0.0,17.42432847,70.96244703444444,0.0,0.0,0.0
8615198867927056105,0.0,0.0,0.0,0.0,2.0,16.957593782500002
6140591906088014644,0.0,2.4875676027777778,24.164081903888885,0.0,0.0,0.0
7133242594833843971,0.0,0.0,0.0,0.0,0.0,0.0
7692838032555156056,0.0,0.0,0.0,0.0,0.0,0.0
55151290366655015,0.0,3.0,3.0,0.0,0.5,12.978246390555556
1450203922509823592,0.0,2.4750651091666667,17.35435668638889,0.0,0.0,0.0
4186126092625522102,0.0,1.449547541388889,1.449547541388889,0.0,0.0,14.309997513333334
6700827192863201373,0.0,2.5,2.5,0.0,0.5,26.0
299227269549581664,0.0,2.4152757466666666,24.656146991388887,0.0,0.0,0.0
8756957520812511864,0.0,3.0,26.75015249,0.0,0.0,0.0
2790188243792541721,0.0,0.0,0.0,0.0,1.0,3.0966392983333337
5780813717310121743,0.0,0.0,0.0,0.0,0.0,0.0
1631016403623179868,0.0,2.503684850833333,17.286837851111112,0.0,0.0,0.0
8990811386950295397,0.0,0.0,0.0,0.0,0.0,0.0
6116589245105686742,0.0,0.0,18.0,0.0,0.0,0.9601492397222222
9216608060240292676,0.0,0.0,0.0,0.0,0.0,0.0
5383477212520237550,0.0,2.915230140555556,24.832613010000003,0.0,0.0,0.0
5631063694141032107,0.0,2.8981947075000005,22.818821031388886,0.0,0.0,0.4214616483333334
7738034470109474246,0.0,2.8949828055555553,24.31384517138889,0.0,0.0,0.23503719805555556
8749623912306953167,0.0,4.028087232777778,13.68993845805556,0.0,0.0,0.0
887677403014442528,0.0,0.0,0.0,0.0,3.7357739677777775,27.40958494361111
4936277927121415237,0.0,1.8825223422222221,14.360579206666667,0.0,0.0,0.0
4448610765855439068,0.0,0.0,0.0,0.0,0.0,0.0
6836033035108373086,0.0,4.8244793886111115,17.314185132222224,0.0,0.0,17.55316501611111
234569288492497785,0.0,0.0,0.0,0.0,0.0,0.0
1348165316793721419,0.0,15.483705883611112,62.086756404166664,0.0,0.0,0.0
584751489929412132,0.0,0.0,0.0,0.0,0.0,0.0
5279170232832428827,0.0,1.0,1.0,0.0,0.5,17.403346020277777
5707114606967434560,0.0,0.0,0.0,0.0,0.0,0.0
8208813797060980336,0.0,0.0,0.0,0.0,4.955858499444444,34.223359737222225
5887114744057520370,0.0,2.649042969444445,21.334799198611112,0.0,0.0,0.0
2599475649067501230,0.0,2.5,19.623916932222222,0.0,0.0,0.0
1278643893148035299,0.0,0.0,0.0,0.0,0.0,0.0
3512974005350486928,0.0,4.609208159722223,4.870893367777778,0.0,0.5,29.94909166333333
4960244948227053133,0.0,2.5,22.223928669444447,0.0,0.0,0.0
9211173451848779996,0.0,1.5,11.899472094722224,0.0,0.0,0.0
2067164734746716745,0.0,3.5,38.18081241666667,0.0,0.0,0.0
752281089013846258,0.0,0.0,0.0,0.0,0.0,0.0
4674224899881959248,0.0,1.0,22.5,0.0,0.0,0.0
3419360295103124992,0.0,5.515067643055556,34.85508339194444,0.0,0.0,0.0
3391217351846804188,0.0,0.0,0.0,0.0,3.0,25.664472158055556
6489431294482978593,0.0,1.8922650533333332,22.892265053333336,0.0,0.0,0.0
3186439736636543527,0.0,0.0,0.0,0.0,3.8654593602777774,28.492405245
448492328628553910,0.0,0.0,0.0,0.0,1.6522060991666665,21.86588322
8155883240225168501,0.0,5.000299746111112,15.66480851833333,0.0,0.0,0.0
4966605174073389857,0.0,0.0,0.0,0.0,0.0,0.0
6087886175480507340,0.0,5.126836195833333,22.69205113583333,0.0,0.0,12.0
4912020775266070696,0.0,0.0,0.0,0.0,0.0,0.0
2524362373133678272,0.0,0.0,0.0,0.0,0.0,9.673378922777776
6498887499737752417,0.0,0.0,0.0,0.0,2.703095692222222,21.35075181888889
1825417801525034310,0.0,5.000299746111112,15.66480851833333,0.0,0.0,0.0
3613694851117232441,0.0,2.3439775702777776,3.1635312016666663,0.0,1.5,24.81741140305555
690952768266334262,0.0,4.411345227499999,4.814114809444445,0.0,1.5,29.164351599444444
6449099494722666792,0.0,0.0,0.0,0.0,0.0,0.0
5912314869414264686,0.0,0.0,0.0,0.0,3.886905733888889,28.484937622222223
1391578054319204544,0.0,15.529770092222224,81.96091012611113,0.0,0.0,0.0
4319734319707522753,0.0,0.0,0.0,0.0,0.0,0.0
4090481524831590900,0.0,0.0,0.0,0.0,7.950258988611111,47.37963316027778
5707059129682144444,0.0,0.0,0.0,0.0,0.0,0.0
2866836428660074348,0.0,3.0470462722222225,3.495412965555556,0.0,1.0,30.15610871
2594115075249930979,0.0,1.4719578963888889,1.4719578963888889,0.0,0.0,14.167960299444443
4071913031448196877,0.0,3.322789445277778,20.77348181722222,0.0,0.0,0.0
8478471844472110694,0.0,9.536847735277778,62.183185105833346,0.0,0.0,1.0
523049297143591344,0.0,2.5,2.5,0.0,0.5,21.0
6312260978612109571,0.0,0.0,0.0,0.0,0.0,0.0
9185710811148449966,0.0,0.0,0.0,0.0,0.0,0.0
5984095994339754784,0.0,3.0,3.692015950277778,0.0,3.0,34.41902283583333
1712278235275382444,0.0,0.0,0.0,0.0,0.0,0.0
3299199489872676166,0.0,15.434384543055554,60.49452280277778,0.0,0.0,0.0
6418821628339996480,0.0,15.434384543055554,60.49452280277778,0.0,0.0,0.0
5357681752363472539,0.0,0.0,0.0,0.0,3.896909968888889,28.25248653111111
6251702277533981511,0.0,4.866512232222222,31.20938797111111,0.0,0.0,0.0
7948639756958513365,0.0,0.0,0.0,0.0,3.380233183333333,20.88344250777778
9021704785002140475,0.0,3.0,14.5,0.0,0.0,0.0
7037281316468280772,0.0,0.0,0.0,0.0,3.418006610833333,22.766989090277775
6518644166216963647,0.0,3.5,16.062103252500002,0.0,0.0,0.0
8892632628742932253,0.0,2.5,9.5,0.0,0.2354446261111111,12.853593025000002
2571476781076473087,0.0,2.4748921847222225,2.4748921847222225,0.0,0.0,8.263142119166666
8957614279107724771,0.0,4.5,22.380960424722225,0.0,0.0,0.0
5556620704743447028,0.0,1.406969980277778,2.3529902394444444,0.0,0.5,17.837156991388888
7361989448977438530,0.0,0.0,0.0,0.0,0.0,0.0
3770336430042470748,0.0,0.0,0.0,0.0,0.0,0.0
2429898146291919515,0.0,2.4796973344444444,2.4796973344444444,0.0,0.0,8.260191214722223
5668663208996864175,0.0,3.0,24.5,0.0,0.0,0.0
7830218091412521629,0.0,4.897314395277777,31.16494035361112,0.0,0.0,0.0
2259299822304943848,0.0,2.925732504444445,16.320670062222224,0.0,0.0,0.0
3002563977790624247,0.0,2.5,2.5,0.0,0.5,25.5
3164140584655400199,0.0,4.5,29.350078068888884,0.0,0.0,0.0
7258872551189940695,0.0,0.0,0.0,0.0,0.0,0.0
2102359227516493703,0.0,4.450292944444445,4.7177585452777775,0.0,1.5,15.5
6917905471606886917,0.0,4.904402102500001,31.94361973361111,0.0,0.0,0.0
7049954960452260217,0.0,9.549878778055556,58.70408254166667,0.0,0.0,1.5
2619296338467852730,0.0,0.0,0.0,0.0,0.0,0.0
6804389613752301838,0.0,3.984131103611111,23.984131103611112,0.0,0.0,4.3549833172222225
7136624914682454167,0.0,2.0,2.0,0.0,0.0,19.0
9090972170317646015,0.0,15.514183104166667,77.49453630888887,0.0,0.0,0.0
5261885258646532685,0.0,3.63953852,25.58325343833333,0.0,0.0,0.0
2680650532958055131,0.0,0.0,0.0,0.0,3.888103898333333,25.88967121861111
4953746467243872212,0.0,2.695572365,26.69688664111111,0.0,0.0,0.0
4643583928115726413,0.0,15.524755700555554,81.22024958722223,0.0,0.0,0.0
1849388240019458095,0.0,0.0,0.0,0.0,0.0,0.0
7374835621024359510,0.0,15.308511493611112,59.20279802527778,0.0,0.0,0.0
6958552992876076586,0.0,0.0,0.0,0.0,3.0,24.0
5767579036605507392,0.0,2.0,2.4628835416666663,0.0,3.0,38.28650561472222
3460865388202472641,0.0,2.440550767777778,3.161053185,0.0,0.5,21.5
6582094359147206562,0.0,15.4864223475,60.744457714999996,0.0,0.0,0.0
5507678232745829789,0.0,3.984675314166666,27.95959699777778,0.0,0.0,2.0
3361278033591045661,0.0,7.820913541388888,48.36124329333333,0.0,0.0,0.0
3406213355646882913,0.0,0.0,0.0,0.0,0.0,0.0
3736020474948612623,0.0,15.514456298333332,80.31188963388887,0.0,0.0,0.0
7613925694041750584,0.0,0.0,0.0,0.0,0.0,0.0
7972220492862956982,0.0,17.46238845611111,63.761091436388874,0.0,0.0,0.0
8502849623777369877,0.0,4.917320518055556,36.19582050388889,0.0,0.0,0.0
5959131204362887425,0.0,4.469579892222223,14.969579892222221,0.0,1.5,22.125849658055554
9091598463726892679,0.0,1.5,5.5,0.0,0.0,4.0
3698023975922519548,0.0,4.909096929722223,34.17676993888889,0.0,0.0,0.0
3196451615340323996,0.0,2.4401204972222224,2.8973868716666664,0.0,0.5,21.493631709166664
2543587898066870083,0.0,4.5,21.536291897500004,0.0,0.0,0.0
1030744217790694351,0.0,0.0,0.0,0.0,2.0,17.0
8190956604937856935,0.0,15.395252155277777,60.02484688555557,0.0,0.0,0.0
4319847457369554750,0.0,0.0,0.0,0.0,0.0,0.0
1306376180873819584,0.0,5.5,39.74999327111111,0.0,0.0,0.0
219481587825507923,0.0,3.0,23.780846798888888,0.0,0.0,0.0
5541569550477620896,0.0,3.859839526944445,28.074316171388887,0.0,0.0,0.0
4740534269615446483,0.0,0.0,0.0,0.0,2.6583173672222227,21.40069172861111
4453200001850213794,0.0,15.544844945277779,77.79704111305554,0.0,0.0,0.0
421098262850813416,0.0,0.0,22.537569099999995,0.0,0.0,0.7846422250000001
2219094123661863605,0.0,0.0,0.0,0.0,0.0,0.0
1589868723132088414,0.0,0.0,0.0,0.0,7.902843949166666,47.819746521111114
8789085811028500642,0.0,2.5,23.3879699175,0.0,0.0,0.0
4079089274955837207,0.0,2.6862004905555557,22.871480205555553,0.0,0.0,0.0
732111080654770566,0.0,0.0,0.0,0.0,2.703096537222222,22.5509874175
1844746250096089921,0.0,0.0,0.0,0.0,0.0,0.0
495872192131912338,0.0,0.0,0.0,0.0,0.0,0.0
3042465185631957721,0.0,2.8605131794444443,24.420644158888887,0.0,0.0,0.0
4411773601118000118,0.0,15.543516149722224,78.99816642972223,0.0,0.0,0.0
6808784752574698744,0.0,4.8975227680555555,29.409792057777782,0.0,0.0,0.0
5964200933232420586,0.0,0.0,0.0,0.0,3.0,25.85040403388889
3525036210361946574,0.0,0.0,0.0,0.0,0.0,0.0
8552358569457577396,0.0,0.0,0.0,0.0,3.5,24.469803338333335
7219400997093143883,0.0,3.5,25.5,0.0,0.0,0.0
7506008567511802466,0.0,15.583211766944443,80.60933363416666,0.0,0.0,0.0
2426065873113268109,0.0,0.0,0.0,0.0,3.4187075144444448,22.826373603055554
5354461434537750315,0.0,2.5,21.32659110138889,0.0,0.0,0.0
6521709332044336823,0.0,0.0,0.0,0.0,4.602186414166667,28.826289261666663
8430834726849408278,0.0,0.0,0.0,0.0,0.0,0.0
7764287629026272070,0.0,15.483361029722225,79.03443311083335,0.0,0.0,0.0
2582708219038444833,0.0,2.497802072222222,17.58869810861111,0.0,0.0,0.0
2862331239181113705,0.0,2.7433030555555558,25.72585671305556,0.0,0.0,0.0
5030599329267502189,0.0,15.529770092222224,81.96091012611113,0.0,0.0,0.0
4217851448495228964,0.0,0.0,0.0,0.0,0.0,0.0
497720491861994823,0.0,0.0,0.0,0.0,0.0,0.0
6673937918210303628,0.0,15.483361029722225,79.03443311083335,0.0,0.0,0.0
7793988520768291619,0.0,2.360134345833333,3.1533667488888892,0.0,0.0,18.0
3771463485782823457,0.0,4.895470674166666,29.785946851111113,0.0,0.0,3.284920091111111
8580273057013579487,0.0,2.5,2.5,0.0,0.5,25.5
568283481102428664,0.0,0.0,0.0,0.0,0.0,0.0
4421288579483257531,0.0,5.9463445380555555,37.114172965277774,0.0,0.0,0.0
4566431304983148889,0.0,3.0,3.0,0.0,2.5,30.596339273055555
1714909675947238649,0.0,0.0,0.0,0.0,0.0,0.0
2906370246630323779,0.0,0.0,0.0,0.0,1.7354716116666666,21.960739863333334
3823987586241023406,0.0,0.0,0.0,0.0,0.0,0.0
1438440129937723749,0.0,4.968304526111111,31.434152054722226,0.0,0.0,0.0
819095352994081469,0.0,3.0481063813888887,20.16580735138889,0.0,0.0,0.0
6672358313930068568,0.0,4.453317474166667,5.453317474166667,0.0,0.5,27.235953440555555
2666209032810109242,0.0,0.0,0.0,0.0,0.0,0.0
6521240417322624256,0.0,9.521002219166665,57.740488205833344,0.0,0.0,1.5
5820772308537174327,0.0,2.0,19.088130777499998,0.0,0.0,0.0
9058354613267166746,0.0,2.0,2.0,0.0,1.5,25.984761324444445
2475650598922944667,0.0,0.0,0.0,0.0,0.0,0.0
7127159501408290773,0.0,3.0,30.0,0.0,0.0,0.0
1254840125994230190,0.0,0.0,0.0,0.0,0.8583735574999999,9.5535768325
4732139104302921271,0.0,0.0,0.0,0.0,0.0,0.0
1913159033416889517,0.0,0.0,0.0,0.0,4.5,29.511367288611112
1124015659351481418,0.0,0.0,0.0,0.0,0.0,0.0
6453972879086835313,0.0,2.890500658611111,28.088108610833334,0.0,0.0,0.0
200167416351454357,0.0,4.834767391666667,31.88620316972222,0.0,0.0,0.0
8586165988377528596,0.0,2.5,18.48137503138889,0.0,0.0,0.0
2959138085859903490,0.0,0.0,0.0,0.0,4.0,26.976649201111112
7599966346464687477,0.0,2.5,21.5,0.0,0.0,0.0
2749037103784818563,0.0,0.0,0.0,0.0,0.0,0.0
916184387448422638,0.0,2.0,2.5,0.0,0.5,16.898416871944445
4207849458368143009,0.0,0.0,0.0,0.0,3.3636783308333333,23.717592278333335
3458686109894901608,0.0,4.5,30.714433955,0.0,0.0,0.0
4141636340392982309,0.0,3.0,3.2677882808333334,0.0,3.0,32.551963883333336
1371849574488074547,0.0,2.867026673333333,25.452079114722217,0.0,0.0,0.0
1371997620756405325,0.0,5.0,28.916249997777776,0.0,0.0,0.0
7364665232486517015,0.0,0.0,0.0,0.0,0.0,0.0
1287736612225561084,0.0,2.5,18.5,0.0,0.0,4.0
3979734616819094992,0.0,15.560989128333334,58.58979701388888,0.0,0.0,0.0
4819303266845858418,0.0,4.959181728333333,41.675343948055556,0.0,0.0,0.0
8754037299794781932,0.0,16.562919121944443,62.86001962444444,0.0,0.9374232097222223,0.9374232097222223
8850787479646852679,0.0,0.0,0.0,0.0,0.0,0.0
741582341860926253,0.0,4.1798253941666665,4.1798253941666665,0.0,0.5,28.757332725555557
7444716675586660524,0.0,1.0,17.384106390555555,0.0,0.0,0.0
5925908653270249344,0.0,0.0,0.0,0.0,3.424514672222222,22.825435824444448
5015159283312873114,0.0,0.0,0.0,0.0,0.0,0.0
5946972083867051183,0.0,0.0,0.0,0.0,0.0,0.0
5159878404342626391,0.0,3.4024241338888883,3.4024241338888883,0.0,3.5,47.69366699333333
3060741418678840896,0.0,0.0,0.0,0.0,0.0,0.0
6693835398675714278,0.0,0.0,0.0,0.0,3.8730278902777777,28.572065409999997
7722193507131423111,0.0,5.975661466111111,37.335294007499996,0.0,0.0,0.0
8556921637233741846,0.0,0.0,0.0,0.0,3.428308012777778,22.275916751666667
7361102123552834037,0.0,9.549878778055556,58.70408254166667,0.0,0.0,1.5
2123709446545200911,0.0,15.48829336388889,85.0920970236111,0.0,0.0,0.0
9160893453047180543,0.0,2.0,19.088750604722225,0.0,0.0,0.0
97178307441486002,0.0,2.0,13.5,0.0,0.0,0.0
226384701555673146,0.0,15.4864223475,60.744457714999996,0.0,0.0,0.0
435085418018390256,0.0,4.904477326388888,31.314076455555558,0.0,0.0,0.0
7919799563790260571,0.0,2.6861490525,22.873586758333335,0.0,0.0,0.0
7011132323267779050,0.0,2.4456285558333333,24.06656780333334,0.0,0.0,0.0
6914747689514833207,0.0,2.0,13.614249814166667,0.0,0.0,0.0
5704365908807155452,0.0,5.88468230138889,32.64551624083334,0.0,0.0,0.0
3192652934668828619,0.0,4.5,29.5,0.0,0.0,0.0
6451990592605289918,0.0,2.701911646388889,12.226024523055555,0.0,0.0,0.0
3054456904754042262,0.0,0.0,0.0,0.0,0.0,0.0
1050521747034630519,0.0,0.0,0.0,0.0,3.8830328344444442,28.264014599166668
3747499719140042200,0.0,0.0,0.0,0.0,0.0,0.0
7362792770515105047,0.0,4.5,30.0,0.0,0.0,0.7882281327777778
2200811824942607177,0.0,0.0,0.0,0.0,0.0,0.0
8185596343344179578,0.0,15.53397203111111,80.63923208805558,0.0,0.0,0.0
6064066189457611359,0.0,5.8981587775,32.28640131638889,0.0,0.0,0.0
8750077875509858628,0.0,2.6375262186111117,21.17148504361111,0.0,0.0,0.0
1356639062004033069,0.0,0.0,0.0,0.0,0.0,0.0
5873420561510150431,0.0,6.0,33.84482907777778,0.0,0.0,0.0
4743255264227164964,0.0,0.0,0.0,0.0,3.962594282222222,28.57619289777778
4491819993312601195,0.0,0.0,0.0,0.0,0.0,0.0
6447334345695462104,0.0,9.502707482499998,59.78717059805556,0.0,0.0,1.5
2013561676421083817,0.0,2.3694207719444447,2.9710470502777775,0.0,1.5,24.5
8958648822425380516,0.0,7.960185093888888,47.57389318583334,0.0,0.0,0.0
1580101797067746428,0.0,0.0,0.0,0.0,0.0,0.0
4713142533156884849,0.0,2.507523576388889,26.120639878888888,0.0,0.0,0.0
2837852186305332910,0.0,3.0,18.508568441111112,0.0,3.0,16.865825380555556
4038082880129066347,0.0,0.0,0.0,0.0,7.848117935833333,47.23899110055556
751852163964670433,0.0,3.0,25.749488668611107,0.0,0.0,0.46523200694444444
803265990180573432,0.0,15.536794058888889,56.71826571916666,0.0,0.0,0.0
7294048986593259344,0.0,0.0,0.0,0.0,0.0,0.0
4256136510857173014,0.0,0.0,19.0,0.0,0.0,0.7526193383333334
1237832351878275948,0.0,3.047793343055555,18.644727534722225,0.0,0.0,0.0
660813193985177775,0.0,2.5,2.5,0.0,0.0,22.308128322222224
1869238669889378147,0.0,0.0,0.0,0.0,4.863763178055555,27.919534276944443
2343433192993580670,0.0,3.849070983888889,30.25906853472222,0.0,0.0,0.0
3191503606930686973,0.0,1.0674494149999998,1.3714095655555556,0.0,3.0,23.92836971361111
6122083003778400912,0.0,0.0,0.0,0.0,0.0,0.0
2804435898366535856,0.0,0.0,0.0,0.0,0.0,0.0
3324030567183829850,0.0,2.9156939997222224,24.538410735277782,0.0,0.0,0.0
5557722306630894210,0.0,0.0,0.0,0.0,0.0,0.0
2650516056461391279,0.0,0.0,0.0,0.0,0.0,0.0
6293405985670147657,0.0,3.885829714166667,28.01889568444445,0.0,0.0,0.0
226072070942895639,0.0,0.0,0.0,0.0,0.0,0.0
3072450101185104763,0.0,0.0,12.648111972777777,0.0,0.0,0.0
4986081097183220101,0.0,0.0,0.0,0.0,0.0,0.0
3922988079736481532,0.0,0.0,0.0,0.0,0.0,0.0
8719470752573853695,0.0,0.0,0.0,0.0,0.0,0.0
6233736271756057791,0.0,0.0,0.0,0.0,0.0,0.0
4375407253113357692,0.0,0.0,0.0,0.0,0.0,0.0
5523391085148600449,0.0,4.472238972222223,14.972238972222222,0.0,1.5,22.600337610555552
6414533977419626526,0.0,1.5,12.201520547222225,0.0,0.0,0.0
7549938997280081169,0.0,0.0,0.0,0.0,4.989572174722222,33.718539983333336
4957109032670368344,0.0,4.5,26.84800082277778,0.0,0.0,0.0
1841819220122241606,0.0,0.0,0.0,0.0,2.5,21.605396281944444
2441408053249350573,0.0,15.464989195555555,85.42581569027779,0.0,0.0,0.0
219695402222975151,0.0,0.0,0.0,0.0,0.0,0.0
4308716327356326641,0.0,0.0,0.0,0.0,0.0,0.0
3186178442210385316,0.0,2.5,20.458248303055555,0.0,0.0,0.0
2982850244696162903,0.0,2.876932464722222,25.000016571944446,0.0,0.0,2.880363676111111
6243878889832386076,0.0,0.0,0.0,0.0,0.0,0.0
8991209400382186377,0.0,4.9188779969444445,17.418877996944445,0.0,0.0,15.393706823055558
5145591169411116218,0.0,0.0,0.0,0.0,4.0,25.976683615833334
7306894114896605584,0.0,2.2258484458333334,2.6615844730555556,0.0,1.5,23.216332330555556
935974959390587892,0.0,0.0,0.23495445249999997,0.0,0.0,10.0
8266393569960240479,0.0,0.0,0.0,0.0,0.0,0.0
4873647322106633953,0.0,0.0,0.0,0.0,0.0,0.0
6916037338549121180,0.0,7.907283501666667,47.361422089166666,0.0,0.0,3.0
6857135258254265593,0.0,3.912900011388889,26.822259137499998,0.0,0.0,0.0
4161772017643582927,0.0,15.53397203111111,80.63923208805558,0.0,0.0,0.0
1352595710113623376,0.0,0.0,0.0,0.0,0.0,0.0
1195597592963692878,0.0,0.0,0.0,0.0,0.0,0.0
6087083978055560812,0.0,5.8788110697222224,32.36375725777778,0.0,0.0,0.0
6272901838375088552,0.0,0.0,0.0,0.0,0.0,0.0
7834232823683467966,0.0,6.0,37.53741467361111,0.0,0.0,0.0
1265618319626440838,0.0,3.969358054166667,30.34825076611111,0.0,0.0,0.0
466834410540172344,0.0,3.4742886066666667,26.184449706666665,0.0,0.0,0.0
3859463111626099136,0.0,0.0,0.0,0.0,0.0,0.45116314055555556
8452777618327034567,0.0,2.959306353611111,23.81775372222223,0.0,0.0,0.0
3832894647282914485,0.0,0.0,0.0,0.0,0.0,0.0
7118921019941583924,0.0,4.942932828333334,27.593347634999997,0.0,0.0,0.0
6630662777571457708,0.0,0.0,0.0,0.0,2.5,20.871968330277777
6514029577432232231,0.0,4.489603225833333,4.489603225833333,0.0,1.5,32.821136478888896
7003649883691974790,0.0,0.0,0.0,0.0,2.0,16.0
130955237087450280,0.0,0.0,0.0,0.0,5.481482175277778,33.28930143472222
6530239491569517622,0.0,4.988390323333333,33.962704880555556,0.0,0.0,0.0
4338345080498315675,0.0,1.0,19.425843445277778,0.0,0.0,0.0
1222535850393860412,0.0,11.372038065833332,48.11220452972222,0.0,0.0,0.0
7319330480267641891,0.0,4.962169384166667,40.672538620555564,0.0,0.0,0.0
7589827169500497867,0.0,0.0,0.0,0.0,0.0,0.0
1533903692306113107,0.0,9.525670335,58.54102370666666,0.0,0.0,1.5
6689623260520570330,0.0,4.5,29.215423168055555,0.0,0.0,0.0
5108980723963467503,0.0,0.0,0.0,0.0,2.916584770277778,19.195635692499998
4465184548745789760,0.0,4.874900138055556,29.2313969675,0.0,0.0,0.0
6737616692153207290,0.0,2.471744939166667,9.263082920555554,0.0,0.0,0.0
3248965879582094198,0.0,2.3890730730555556,3.0320866805555555,0.0,0.5,21.5
5081715036100836729,0.0,0.0,0.0,0.0,0.0,0.0
8070722223338266232,0.0,4.972152216666667,34.101676142777784,0.0,0.0,0.0
4449997582152856966,0.0,4.987088617777777,36.25345530111111,0.0,0.0,0.0
3390153829311738919,0.0,4.979035378611112,17.416100758888888,0.0,0.0,0.0
6591749030352608125,0.0,2.7121330402777777,12.608538595833334,0.0,0.0,0.0
5905706931709191245,0.0,3.2220931705555556,3.2220931705555556,0.0,0.5,28.039785153888886
2494310527535070667,0.0,2.0,2.0,0.0,0.0,19.0
3767574309250544663,0.0,0.0,0.0,0.0,0.0,0.0
5400810281617691359,0.0,0.0,0.0,0.0,4.964041565277778,30.58675144388889
3830830144736939469,0.0,3.0,28.0,0.0,0.0,0.0
1222893676877529147,0.0,4.5,29.28795826888889,0.0,0.0,0.0
8477226174020564716,0.0,0.0,0.0,0.0,4.948765594166667,31.588893297777776
2518194778748263352,0.0,3.920763903333333,27.86648010333333,0.0,0.0,0.0
2980961008473659402,0.0,0.0,0.0,0.0,2.7201209872222223,21.593986601388888
3165603542422832458,0.0,0.0,0.0,0.0,0.0,0.0
6999761133614228784,0.0,0.0,0.0,0.0,0.0,0.0
667833821729270380,0.0,1.6520351358333334,21.86637422027778,0.0,0.0,0.0
3886022363052852641,0.0,0.0,21.0,0.0,0.0,1.0
5463331764180716776,0.0,3.5,25.71103461277778,0.0,0.0,0.0
3061344743089708812,0.0,4.851796833888889,32.16371318388889,0.0,0.0,0.0
6240774843076437601,0.0,0.0,0.0,0.0,2.601585383611111,24.172190895277776
2027209964346458699,0.0,0.0,0.0,0.0,3.9139390950000004,28.47147146333333
6799704751597808784,0.0,3.0,24.0,0.0,0.0,0.0
4650620284862627501,0.0,2.0,3.0782147247222222,0.0,3.0,28.31585217944444
6885740106641037102,0.0,11.45970304972222,47.12985318833333,0.0,0.0,0.0
5277571766080786770,0.0,4.400254075833333,17.398837365833334,0.0,1.5,19.786138583333333
6041947650055882306,0.0,4.941996678333334,27.838432846944443,0.0,0.0,0.0
8057204907167274318,0.0,0.0,0.0,0.0,0.0,0.0
3259756080377944475,0.0,0.0,9.799855576666667,0.0,0.0,0.0
8207758013351082541,0.0,1.5,12.051284295833334,0.0,0.0,0.0
2679124398332312892,0.0,2.0,2.8149473252777777,0.0,3.0,29.219876512777777
4343365755751864239,0.0,5.5,29.451675967777778,0.0,0.0,0.0
7811780403049229937,0.0,2.712733951388889,23.46256422972222,0.0,0.0,0.0
461925840980287263,0.0,15.595765079166666,59.70312185944444,0.0,0.0,0.0
5960515524698016488,0.0,4.8939367225,31.046959941388884,0.0,0.0,0.0
7146859192891703417,0.0,9.536847735277778,62.183185105833346,0.0,0.0,1.0
750270952748783600,0.0,0.0,0.0,0.0,2.324487388611111,12.978144168333333
2714760176913238454,0.0,1.0,9.359380838888889,0.0,0.0,0.0
2076194416220430123,0.0,0.0,0.0,0.0,0.0,0.0
1038266841183338064,0.0,1.0,19.903583280555555,0.0,0.0,0.0
5124661901286665930,0.0,0.0,0.0,0.0,0.0,0.0
3958235490145261247,0.0,0.0,0.0,0.0,0.0,0.0
7593920064176793423,0.0,0.0,0.0,0.0,0.0,0.0
8528312407607344491,0.0,7.916334201944443,54.33970402777778,0.0,0.0,0.0
3063955310568742423,0.0,2.6244435888888886,17.080066822499997,0.0,0.0,0.0
986005178164070807,0.0,2.4893036527777777,2.781878383888889,0.0,3.0,22.490054779444446
2659535035040072426,0.0,4.100175472777778,28.46545068472222,0.0,0.0,0.0
2700861810192743230,0.0,7.817504854166667,47.512584323333336,0.0,0.0,0.0
3274975949635480151,0.0,15.52078977,83.58954526749999,0.0,0.0,0.0
2270781978737349701,0.0,4.5,21.511938305833333,0.0,0.0,0.0
4242576272961952236,0.0,15.547149284722222,80.97964249277776,0.0,0.0,0.0
616582292964319224,0.0,1.3237348841666665,18.422336701666666,0.0,0.0,0.0
2215773843009654110,0.0,1.3435788380555556,15.849949047222223,0.0,0.0,0.0
2849133417129379800,0.0,2.5,24.19735833111111,0.0,0.0,0.0
207146620966629535,0.0,0.0,0.0,0.0,0.0,0.0
7206381619567002665,0.0,3.6156148116666667,26.744469613611113,0.0,0.0,0.0
8530628936809393607,0.0,0.0,0.0,0.0,0.0,0.0
247628394492274140,0.0,1.654436389722222,11.631773851666667,0.0,0.0,0.0
8366349577194256830,0.0,4.987865195277778,35.128140627777775,0.0,0.0,0.0
4338052572429671405,0.0,1.3750478627777778,19.723361816111108,0.0,0.0,0.0
4146890361284182655,0.0,0.0,0.0,0.0,0.0,0.0
4462219569594733796,0.0,0.0,0.0,0.0,0.0,0.0
2526028253610433739,0.0,0.0,0.0,0.0,0.0,0.0
3855456092385652485,0.0,3.5,15.928184658888888,0.0,0.0,0.0
4147638319038342252,0.0,4.110918381111111,31.229729043888884,0.0,0.0,0.0
5009225373959901596,0.0,0.0,0.0,0.0,0.0,0.0
3412174378523973497,0.0,0.0,0.0,0.0,3.8211784044444443,27.959873945555554
